iso3,scheme,rank,pci_probability,rpci_probability
BWA,uniform_primary,1,0.9444,0.8789
BWA,uniform_primary,2,0.0522,0.0988
BWA,uniform_primary,3,0.0032,0.0203
BWA,uniform_primary,4,0.0002,0.002
BWA,uniform_primary,5,0.0,0.0
BWA,uniform_primary,6,0.0,0.0
BWA,uniform_primary,7,0.0,0.0
BWA,uniform_primary,8,0.0,0.0
BWA,uniform_primary,9,0.0,0.0
BWA,uniform_primary,10,0.0,0.0
BWA,uniform_primary,11,0.0,0.0
BWA,uniform_primary,12,0.0,0.0
BWA,uniform_primary,13,0.0,0.0
BWA,uniform_primary,14,0.0,0.0
BWA,uniform_primary,15,0.0,0.0
BWA,uniform_primary,16,0.0,0.0
COD,uniform_primary,1,0.0,0.0
COD,uniform_primary,2,0.0,0.0
COD,uniform_primary,3,0.0,0.0
COD,uniform_primary,4,0.0,0.0
COD,uniform_primary,5,0.0,0.0
COD,uniform_primary,6,0.0,0.0
COD,uniform_primary,7,0.0,0.0
COD,uniform_primary,8,0.0,0.0
COD,uniform_primary,9,0.0,0.0
COD,uniform_primary,10,0.0,0.0
COD,uniform_primary,11,0.0,0.0
COD,uniform_primary,12,0.0,0.0
COD,uniform_primary,13,0.0001,0.0009
COD,uniform_primary,14,0.0009,0.0039
COD,uniform_primary,15,0.0342,0.0584
COD,uniform_primary,16,0.9648,0.9368
GHA,uniform_primary,1,0.0009,0.0026
GHA,uniform_primary,2,0.0456,0.0588
GHA,uniform_primary,3,0.1978,0.1911
GHA,uniform_primary,4,0.574,0.5355
GHA,uniform_primary,5,0.1739,0.1823
GHA,uniform_primary,6,0.0072,0.0253
GHA,uniform_primary,7,0.0006,0.0041
GHA,uniform_primary,8,0.0,0.0003
GHA,uniform_primary,9,0.0,0.0
GHA,uniform_primary,10,0.0,0.0
GHA,uniform_primary,11,0.0,0.0
GHA,uniform_primary,12,0.0,0.0
GHA,uniform_primary,13,0.0,0.0
GHA,uniform_primary,14,0.0,0.0
GHA,uniform_primary,15,0.0,0.0
GHA,uniform_primary,16,0.0,0.0
GIN,uniform_primary,1,0.0,0.0
GIN,uniform_primary,2,0.0,0.0
GIN,uniform_primary,3,0.0,0.0
GIN,uniform_primary,4,0.0,0.0
GIN,uniform_primary,5,0.0,0.0
GIN,uniform_primary,6,0.0,0.0
GIN,uniform_primary,7,0.0,0.0
GIN,uniform_primary,8,0.0,0.0001
GIN,uniform_primary,9,0.0127,0.0276
GIN,uniform_primary,10,0.0529,0.0776
GIN,uniform_primary,11,0.1671,0.1551
GIN,uniform_primary,12,0.321,0.2804
GIN,uniform_primary,13,0.2799,0.2601
GIN,uniform_primary,14,0.1361,0.151
GIN,uniform_primary,15,0.0303,0.0474
GIN,uniform_primary,16,0.0,0.0007
MAR,uniform_primary,1,0.0,0.0
MAR,uniform_primary,2,0.0,0.0001
MAR,uniform_primary,3,0.0002,0.0011
MAR,uniform_primary,4,0.0023,0.0104
MAR,uniform_primary,5,0.0668,0.0905
MAR,uniform_primary,6,0.4719,0.3414
MAR,uniform_primary,7,0.3526,0.4131
MAR,uniform_primary,8,0.106,0.1417
MAR,uniform_primary,9,0.0002,0.0016
MAR,uniform_primary,10,0.0,0.0001
MAR,uniform_primary,11,0.0,0.0
MAR,uniform_primary,12,0.0,0.0
MAR,uniform_primary,13,0.0,0.0
MAR,uniform_primary,14,0.0,0.0
MAR,uniform_primary,15,0.0,0.0
MAR,uniform_primary,16,0.0,0.0
MLI,uniform_primary,1,0.0,0.0
MLI,uniform_primary,2,0.0,0.0
MLI,uniform_primary,3,0.0,0.0
MLI,uniform_primary,4,0.0,0.0
MLI,uniform_primary,5,0.0,0.0
MLI,uniform_primary,6,0.0,0.0
MLI,uniform_primary,7,0.0,0.0
MLI,uniform_primary,8,0.0,0.0
MLI,uniform_primary,9,0.0001,0.0006
MLI,uniform_primary,10,0.0009,0.0046
MLI,uniform_primary,11,0.0049,0.0095
MLI,uniform_primary,12,0.0225,0.0338
MLI,uniform_primary,13,0.0613,0.0866
MLI,uniform_primary,14,0.1869,0.2049
MLI,uniform_primary,15,0.6909,0.6054
MLI,uniform_primary,16,0.0325,0.0546
MOZ,uniform_primary,1,0.0,0.0
MOZ,uniform_primary,2,0.0,0.0
MOZ,uniform_primary,3,0.0,0.0
MOZ,uniform_primary,4,0.0,0.0
MOZ,uniform_primary,5,0.0,0.0
MOZ,uniform_primary,6,0.0,0.0
MOZ,uniform_primary,7,0.0,0.0001
MOZ,uniform_primary,8,0.0004,0.0045
MOZ,uniform_primary,9,0.088,0.205
MOZ,uniform_primary,10,0.2093,0.2708
MOZ,uniform_primary,11,0.3727,0.2726
MOZ,uniform_primary,12,0.1956,0.1458
MOZ,uniform_primary,13,0.0998,0.0748
MOZ,uniform_primary,14,0.0288,0.0218
MOZ,uniform_primary,15,0.0052,0.0045
MOZ,uniform_primary,16,0.0002,0.0001
MRT,uniform_primary,1,0.0,0.0
MRT,uniform_primary,2,0.0,0.0
MRT,uniform_primary,3,0.0,0.0
MRT,uniform_primary,4,0.0,0.0
MRT,uniform_primary,5,0.0,0.0
MRT,uniform_primary,6,0.0,0.0
MRT,uniform_primary,7,0.0,0.0005
MRT,uniform_primary,8,0.0035,0.0128
MRT,uniform_primary,9,0.3989,0.3582
MRT,uniform_primary,10,0.3595,0.2805
MRT,uniform_primary,11,0.1565,0.1929
MRT,uniform_primary,12,0.0586,0.0989
MRT,uniform_primary,13,0.0183,0.0413
MRT,uniform_primary,14,0.0044,0.0131
MRT,uniform_primary,15,0.0003,0.0016
MRT,uniform_primary,16,0.0,0.0002
NAM,uniform_primary,1,0.0494,0.0673
NAM,uniform_primary,2,0.6457,0.4013
NAM,uniform_primary,3,0.2296,0.3595
NAM,uniform_primary,4,0.0655,0.1411
NAM,uniform_primary,5,0.0095,0.0285
NAM,uniform_primary,6,0.0003,0.002
NAM,uniform_primary,7,0.0,0.0003
NAM,uniform_primary,8,0.0,0.0
NAM,uniform_primary,9,0.0,0.0
NAM,uniform_primary,10,0.0,0.0
NAM,uniform_primary,11,0.0,0.0
NAM,uniform_primary,12,0.0,0.0
NAM,uniform_primary,13,0.0,0.0
NAM,uniform_primary,14,0.0,0.0
NAM,uniform_primary,15,0.0,0.0
NAM,uniform_primary,16,0.0,0.0
NGA,uniform_primary,1,0.0,0.0
NGA,uniform_primary,2,0.0,0.0
NGA,uniform_primary,3,0.0,0.0
NGA,uniform_primary,4,0.0,0.0
NGA,uniform_primary,5,0.0,0.0
NGA,uniform_primary,6,0.0,0.0
NGA,uniform_primary,7,0.0,0.0
NGA,uniform_primary,8,0.0,0.0003
NGA,uniform_primary,9,0.0111,0.0245
NGA,uniform_primary,10,0.0431,0.058
NGA,uniform_primary,11,0.1318,0.1242
NGA,uniform_primary,12,0.2583,0.232
NGA,uniform_primary,13,0.3033,0.2777
NGA,uniform_primary,14,0.1959,0.2035
NGA,uniform_primary,15,0.0557,0.0781
NGA,uniform_primary,16,0.0008,0.0017
SEN,uniform_primary,1,0.0053,0.051
SEN,uniform_primary,2,0.2488,0.4305
SEN,uniform_primary,3,0.5351,0.3862
SEN,uniform_primary,4,0.187,0.1178
SEN,uniform_primary,5,0.0237,0.0139
SEN,uniform_primary,6,0.0001,0.0005
SEN,uniform_primary,7,0.0,0.0001
SEN,uniform_primary,8,0.0,0.0
SEN,uniform_primary,9,0.0,0.0
SEN,uniform_primary,10,0.0,0.0
SEN,uniform_primary,11,0.0,0.0
SEN,uniform_primary,12,0.0,0.0
SEN,uniform_primary,13,0.0,0.0
SEN,uniform_primary,14,0.0,0.0
SEN,uniform_primary,15,0.0,0.0
SEN,uniform_primary,16,0.0,0.0
SLE,uniform_primary,1,0.0,0.0
SLE,uniform_primary,2,0.0,0.0
SLE,uniform_primary,3,0.0,0.0
SLE,uniform_primary,4,0.0,0.0
SLE,uniform_primary,5,0.0,0.0
SLE,uniform_primary,6,0.0,0.0001
SLE,uniform_primary,7,0.0001,0.0001
SLE,uniform_primary,8,0.0047,0.0139
SLE,uniform_primary,9,0.4807,0.3517
SLE,uniform_primary,10,0.3269,0.2892
SLE,uniform_primary,11,0.1331,0.2029
SLE,uniform_primary,12,0.0406,0.0898
SLE,uniform_primary,13,0.0117,0.0401
SLE,uniform_primary,14,0.0021,0.0109
SLE,uniform_primary,15,0.0001,0.0013
SLE,uniform_primary,16,0.0,0.0
TZA,uniform_primary,1,0.0,0.0
TZA,uniform_primary,2,0.0,0.0
TZA,uniform_primary,3,0.0,0.0006
TZA,uniform_primary,4,0.0013,0.015
TZA,uniform_primary,5,0.0403,0.1271
TZA,uniform_primary,6,0.3695,0.4106
TZA,uniform_primary,7,0.4354,0.3416
TZA,uniform_primary,8,0.1533,0.1042
TZA,uniform_primary,9,0.0002,0.0009
TZA,uniform_primary,10,0.0,0.0
TZA,uniform_primary,11,0.0,0.0
TZA,uniform_primary,12,0.0,0.0
TZA,uniform_primary,13,0.0,0.0
TZA,uniform_primary,14,0.0,0.0
TZA,uniform_primary,15,0.0,0.0
TZA,uniform_primary,16,0.0,0.0
ZAF,uniform_primary,1,0.0,0.0002
ZAF,uniform_primary,2,0.0077,0.0105
ZAF,uniform_primary,3,0.0341,0.0412
ZAF,uniform_primary,4,0.1697,0.1778
ZAF,uniform_primary,5,0.6818,0.5473
ZAF,uniform_primary,6,0.0845,0.1552
ZAF,uniform_primary,7,0.0203,0.0573
ZAF,uniform_primary,8,0.0019,0.0105
ZAF,uniform_primary,9,0.0,0.0
ZAF,uniform_primary,10,0.0,0.0
ZAF,uniform_primary,11,0.0,0.0
ZAF,uniform_primary,12,0.0,0.0
ZAF,uniform_primary,13,0.0,0.0
ZAF,uniform_primary,14,0.0,0.0
ZAF,uniform_primary,15,0.0,0.0
ZAF,uniform_primary,16,0.0,0.0
ZMB,uniform_primary,1,0.0,0.0
ZMB,uniform_primary,2,0.0,0.0
ZMB,uniform_primary,3,0.0,0.0
ZMB,uniform_primary,4,0.0,0.0004
ZMB,uniform_primary,5,0.004,0.0104
ZMB,uniform_primary,6,0.0665,0.0649
ZMB,uniform_primary,7,0.191,0.1828
ZMB,uniform_primary,8,0.7302,0.7117
ZMB,uniform_primary,9,0.0073,0.026
ZMB,uniform_primary,10,0.001,0.0034
ZMB,uniform_primary,11,0.0,0.0002
ZMB,uniform_primary,12,0.0,0.0002
ZMB,uniform_primary,13,0.0,0.0
ZMB,uniform_primary,14,0.0,0.0
ZMB,uniform_primary,15,0.0,0.0
ZMB,uniform_primary,16,0.0,0.0
ZWE,uniform_primary,1,0.0,0.0
ZWE,uniform_primary,2,0.0,0.0
ZWE,uniform_primary,3,0.0,0.0
ZWE,uniform_primary,4,0.0,0.0
ZWE,uniform_primary,5,0.0,0.0
ZWE,uniform_primary,6,0.0,0.0
ZWE,uniform_primary,7,0.0,0.0
ZWE,uniform_primary,8,0.0,0.0
ZWE,uniform_primary,9,0.0008,0.0039
ZWE,uniform_primary,10,0.0064,0.0158
ZWE,uniform_primary,11,0.0339,0.0426
ZWE,uniform_primary,12,0.1034,0.1191
ZWE,uniform_primary,13,0.2256,0.2185
ZWE,uniform_primary,14,0.4449,0.3909
ZWE,uniform_primary,15,0.1833,0.2033
ZWE,uniform_primary,16,0.0017,0.0059
BWA,pca_sensitivity,1,0.9463,0.8877
BWA,pca_sensitivity,2,0.0507,0.0921
BWA,pca_sensitivity,3,0.0028,0.0186
BWA,pca_sensitivity,4,0.0002,0.0016
BWA,pca_sensitivity,5,0.0,0.0
BWA,pca_sensitivity,6,0.0,0.0
BWA,pca_sensitivity,7,0.0,0.0
BWA,pca_sensitivity,8,0.0,0.0
BWA,pca_sensitivity,9,0.0,0.0
BWA,pca_sensitivity,10,0.0,0.0
BWA,pca_sensitivity,11,0.0,0.0
BWA,pca_sensitivity,12,0.0,0.0
BWA,pca_sensitivity,13,0.0,0.0
BWA,pca_sensitivity,14,0.0,0.0
BWA,pca_sensitivity,15,0.0,0.0
BWA,pca_sensitivity,16,0.0,0.0
COD,pca_sensitivity,1,0.0,0.0
COD,pca_sensitivity,2,0.0,0.0
COD,pca_sensitivity,3,0.0,0.0
COD,pca_sensitivity,4,0.0,0.0
COD,pca_sensitivity,5,0.0,0.0
COD,pca_sensitivity,6,0.0,0.0
COD,pca_sensitivity,7,0.0,0.0
COD,pca_sensitivity,8,0.0,0.0
COD,pca_sensitivity,9,0.0,0.0
COD,pca_sensitivity,10,0.0,0.0
COD,pca_sensitivity,11,0.0,0.0
COD,pca_sensitivity,12,0.0,0.0
COD,pca_sensitivity,13,0.0001,0.0009
COD,pca_sensitivity,14,0.0011,0.0039
COD,pca_sensitivity,15,0.0255,0.0488
COD,pca_sensitivity,16,0.9733,0.9464
GHA,pca_sensitivity,1,0.0009,0.0022
GHA,pca_sensitivity,2,0.044,0.0574
GHA,pca_sensitivity,3,0.1945,0.1856
GHA,pca_sensitivity,4,0.5717,0.5372
GHA,pca_sensitivity,5,0.1806,0.1861
GHA,pca_sensitivity,6,0.0076,0.0265
GHA,pca_sensitivity,7,0.0007,0.0047
GHA,pca_sensitivity,8,0.0,0.0003
GHA,pca_sensitivity,9,0.0,0.0
GHA,pca_sensitivity,10,0.0,0.0
GHA,pca_sensitivity,11,0.0,0.0
GHA,pca_sensitivity,12,0.0,0.0
GHA,pca_sensitivity,13,0.0,0.0
GHA,pca_sensitivity,14,0.0,0.0
GHA,pca_sensitivity,15,0.0,0.0
GHA,pca_sensitivity,16,0.0,0.0
GIN,pca_sensitivity,1,0.0,0.0
GIN,pca_sensitivity,2,0.0,0.0
GIN,pca_sensitivity,3,0.0,0.0
GIN,pca_sensitivity,4,0.0,0.0
GIN,pca_sensitivity,5,0.0,0.0
GIN,pca_sensitivity,6,0.0,0.0
GIN,pca_sensitivity,7,0.0,0.0
GIN,pca_sensitivity,8,0.0,0.0002
GIN,pca_sensitivity,9,0.0125,0.0268
GIN,pca_sensitivity,10,0.0527,0.0765
GIN,pca_sensitivity,11,0.163,0.1543
GIN,pca_sensitivity,12,0.3107,0.2711
GIN,pca_sensitivity,13,0.2826,0.2613
GIN,pca_sensitivity,14,0.1415,0.1543
GIN,pca_sensitivity,15,0.037,0.0546
GIN,pca_sensitivity,16,0.0,0.0009
MAR,pca_sensitivity,1,0.0,0.0
MAR,pca_sensitivity,2,0.0,0.0001
MAR,pca_sensitivity,3,0.0002,0.0011
MAR,pca_sensitivity,4,0.0026,0.0108
MAR,pca_sensitivity,5,0.0662,0.0863
MAR,pca_sensitivity,6,0.4586,0.3292
MAR,pca_sensitivity,7,0.3594,0.4191
MAR,pca_sensitivity,8,0.1128,0.1514
MAR,pca_sensitivity,9,0.0002,0.0019
MAR,pca_sensitivity,10,0.0,0.0
MAR,pca_sensitivity,11,0.0,0.0001
MAR,pca_sensitivity,12,0.0,0.0
MAR,pca_sensitivity,13,0.0,0.0
MAR,pca_sensitivity,14,0.0,0.0
MAR,pca_sensitivity,15,0.0,0.0
MAR,pca_sensitivity,16,0.0,0.0
MLI,pca_sensitivity,1,0.0,0.0
MLI,pca_sensitivity,2,0.0,0.0
MLI,pca_sensitivity,3,0.0,0.0
MLI,pca_sensitivity,4,0.0,0.0
MLI,pca_sensitivity,5,0.0,0.0
MLI,pca_sensitivity,6,0.0,0.0
MLI,pca_sensitivity,7,0.0,0.0
MLI,pca_sensitivity,8,0.0,0.0
MLI,pca_sensitivity,9,0.0001,0.0009
MLI,pca_sensitivity,10,0.0011,0.0051
MLI,pca_sensitivity,11,0.0065,0.0115
MLI,pca_sensitivity,12,0.025,0.0381
MLI,pca_sensitivity,13,0.0705,0.095
MLI,pca_sensitivity,14,0.2105,0.2215
MLI,pca_sensitivity,15,0.6625,0.5836
MLI,pca_sensitivity,16,0.0238,0.0443
MOZ,pca_sensitivity,1,0.0,0.0
MOZ,pca_sensitivity,2,0.0,0.0
MOZ,pca_sensitivity,3,0.0,0.0
MOZ,pca_sensitivity,4,0.0,0.0
MOZ,pca_sensitivity,5,0.0,0.0
MOZ,pca_sensitivity,6,0.0,0.0
MOZ,pca_sensitivity,7,0.0,0.0001
MOZ,pca_sensitivity,8,0.0004,0.0046
MOZ,pca_sensitivity,9,0.0894,0.1987
MOZ,pca_sensitivity,10,0.2115,0.2708
MOZ,pca_sensitivity,11,0.367,0.2714
MOZ,pca_sensitivity,12,0.1965,0.1477
MOZ,pca_sensitivity,13,0.1005,0.0771
MOZ,pca_sensitivity,14,0.0293,0.0245
MOZ,pca_sensitivity,15,0.0052,0.005
MOZ,pca_sensitivity,16,0.0002,0.0001
MRT,pca_sensitivity,1,0.0,0.0
MRT,pca_sensitivity,2,0.0,0.0
MRT,pca_sensitivity,3,0.0,0.0
MRT,pca_sensitivity,4,0.0,0.0
MRT,pca_sensitivity,5,0.0,0.0
MRT,pca_sensitivity,6,0.0,0.0
MRT,pca_sensitivity,7,0.0,0.0005
MRT,pca_sensitivity,8,0.0037,0.013
MRT,pca_sensitivity,9,0.3975,0.3569
MRT,pca_sensitivity,10,0.3533,0.2797
MRT,pca_sensitivity,11,0.1596,0.1926
MRT,pca_sensitivity,12,0.0611,0.1005
MRT,pca_sensitivity,13,0.0197,0.0411
MRT,pca_sensitivity,14,0.0047,0.0135
MRT,pca_sensitivity,15,0.0004,0.002
MRT,pca_sensitivity,16,0.0,0.0002
NAM,pca_sensitivity,1,0.0474,0.0633
NAM,pca_sensitivity,2,0.645,0.4074
NAM,pca_sensitivity,3,0.2324,0.3618
NAM,pca_sensitivity,4,0.0651,0.1377
NAM,pca_sensitivity,5,0.0098,0.0274
NAM,pca_sensitivity,6,0.0002,0.0021
NAM,pca_sensitivity,7,0.0001,0.0003
NAM,pca_sensitivity,8,0.0,0.0
NAM,pca_sensitivity,9,0.0,0.0
NAM,pca_sensitivity,10,0.0,0.0
NAM,pca_sensitivity,11,0.0,0.0
NAM,pca_sensitivity,12,0.0,0.0
NAM,pca_sensitivity,13,0.0,0.0
NAM,pca_sensitivity,14,0.0,0.0
NAM,pca_sensitivity,15,0.0,0.0
NAM,pca_sensitivity,16,0.0,0.0
NGA,pca_sensitivity,1,0.0,0.0
NGA,pca_sensitivity,2,0.0,0.0
NGA,pca_sensitivity,3,0.0,0.0
NGA,pca_sensitivity,4,0.0,0.0
NGA,pca_sensitivity,5,0.0,0.0
NGA,pca_sensitivity,6,0.0,0.0
NGA,pca_sensitivity,7,0.0,0.0
NGA,pca_sensitivity,8,0.0,0.0003
NGA,pca_sensitivity,9,0.0123,0.0255
NGA,pca_sensitivity,10,0.0467,0.0597
NGA,pca_sensitivity,11,0.1383,0.1281
NGA,pca_sensitivity,12,0.2627,0.2352
NGA,pca_sensitivity,13,0.295,0.2702
NGA,pca_sensitivity,14,0.1847,0.1975
NGA,pca_sensitivity,15,0.0595,0.0819
NGA,pca_sensitivity,16,0.0008,0.0016
SEN,pca_sensitivity,1,0.0054,0.0466
SEN,pca_sensitivity,2,0.2527,0.4326
SEN,pca_sensitivity,3,0.5347,0.3909
SEN,pca_sensitivity,4,0.1825,0.1152
SEN,pca_sensitivity,5,0.0246,0.0141
SEN,pca_sensitivity,6,0.0,0.0005
SEN,pca_sensitivity,7,0.0001,0.0001
SEN,pca_sensitivity,8,0.0,0.0
SEN,pca_sensitivity,9,0.0,0.0
SEN,pca_sensitivity,10,0.0,0.0
SEN,pca_sensitivity,11,0.0,0.0
SEN,pca_sensitivity,12,0.0,0.0
SEN,pca_sensitivity,13,0.0,0.0
SEN,pca_sensitivity,14,0.0,0.0
SEN,pca_sensitivity,15,0.0,0.0
SEN,pca_sensitivity,16,0.0,0.0
SLE,pca_sensitivity,1,0.0,0.0
SLE,pca_sensitivity,2,0.0,0.0
SLE,pca_sensitivity,3,0.0,0.0
SLE,pca_sensitivity,4,0.0,0.0
SLE,pca_sensitivity,5,0.0,0.0
SLE,pca_sensitivity,6,0.0,0.0001
SLE,pca_sensitivity,7,0.0001,0.0001
SLE,pca_sensitivity,8,0.0051,0.0139
SLE,pca_sensitivity,9,0.4789,0.358
SLE,pca_sensitivity,10,0.3269,0.2895
SLE,pca_sensitivity,11,0.1326,0.199
SLE,pca_sensitivity,12,0.0416,0.0884
SLE,pca_sensitivity,13,0.0123,0.0394
SLE,pca_sensitivity,14,0.0024,0.0101
SLE,pca_sensitivity,15,0.0001,0.0015
SLE,pca_sensitivity,16,0.0,0.0
TZA,pca_sensitivity,1,0.0,0.0
TZA,pca_sensitivity,2,0.0,0.0
TZA,pca_sensitivity,3,0.0,0.0006
TZA,pca_sensitivity,4,0.0013,0.0168
TZA,pca_sensitivity,5,0.0431,0.1353
TZA,pca_sensitivity,6,0.3811,0.4171
TZA,pca_sensitivity,7,0.4269,0.3299
TZA,pca_sensitivity,8,0.1474,0.0995
TZA,pca_sensitivity,9,0.0002,0.0008
TZA,pca_sensitivity,10,0.0,0.0
TZA,pca_sensitivity,11,0.0,0.0
TZA,pca_sensitivity,12,0.0,0.0
TZA,pca_sensitivity,13,0.0,0.0
TZA,pca_sensitivity,14,0.0,0.0
TZA,pca_sensitivity,15,0.0,0.0
TZA,pca_sensitivity,16,0.0,0.0
ZAF,pca_sensitivity,1,0.0,0.0002
ZAF,pca_sensitivity,2,0.0076,0.0104
ZAF,pca_sensitivity,3,0.0354,0.0414
ZAF,pca_sensitivity,4,0.1766,0.1802
ZAF,pca_sensitivity,5,0.6721,0.5402
ZAF,pca_sensitivity,6,0.0853,0.1577
ZAF,pca_sensitivity,7,0.021,0.0587
ZAF,pca_sensitivity,8,0.002,0.0112
ZAF,pca_sensitivity,9,0.0,0.0
ZAF,pca_sensitivity,10,0.0,0.0
ZAF,pca_sensitivity,11,0.0,0.0
ZAF,pca_sensitivity,12,0.0,0.0
ZAF,pca_sensitivity,13,0.0,0.0
ZAF,pca_sensitivity,14,0.0,0.0
ZAF,pca_sensitivity,15,0.0,0.0
ZAF,pca_sensitivity,16,0.0,0.0
ZMB,pca_sensitivity,1,0.0,0.0
ZMB,pca_sensitivity,2,0.0,0.0
ZMB,pca_sensitivity,3,0.0,0.0
ZMB,pca_sensitivity,4,0.0,0.0005
ZMB,pca_sensitivity,5,0.0036,0.0106
ZMB,pca_sensitivity,6,0.0672,0.0668
ZMB,pca_sensitivity,7,0.1917,0.1865
ZMB,pca_sensitivity,8,0.7286,0.7056
ZMB,pca_sensitivity,9,0.0079,0.0263
ZMB,pca_sensitivity,10,0.001,0.0033
ZMB,pca_sensitivity,11,0.0,0.0002
ZMB,pca_sensitivity,12,0.0,0.0002
ZMB,pca_sensitivity,13,0.0,0.0
ZMB,pca_sensitivity,14,0.0,0.0
ZMB,pca_sensitivity,15,0.0,0.0
ZMB,pca_sensitivity,16,0.0,0.0
ZWE,pca_sensitivity,1,0.0,0.0
ZWE,pca_sensitivity,2,0.0,0.0
ZWE,pca_sensitivity,3,0.0,0.0
ZWE,pca_sensitivity,4,0.0,0.0
ZWE,pca_sensitivity,5,0.0,0.0
ZWE,pca_sensitivity,6,0.0,0.0
ZWE,pca_sensitivity,7,0.0,0.0
ZWE,pca_sensitivity,8,0.0,0.0
ZWE,pca_sensitivity,9,0.001,0.0042
ZWE,pca_sensitivity,10,0.0068,0.0154
ZWE,pca_sensitivity,11,0.033,0.0428
ZWE,pca_sensitivity,12,0.1024,0.1188
ZWE,pca_sensitivity,13,0.2193,0.215
ZWE,pca_sensitivity,14,0.4258,0.3747
ZWE,pca_sensitivity,15,0.2098,0.2226
ZWE,pca_sensitivity,16,0.0019,0.0065
BWA,entropy_sensitivity,1,0.9573,0.8807
BWA,entropy_sensitivity,2,0.0386,0.1003
BWA,entropy_sensitivity,3,0.0039,0.0178
BWA,entropy_sensitivity,4,0.0002,0.0012
BWA,entropy_sensitivity,5,0.0,0.0
BWA,entropy_sensitivity,6,0.0,0.0
BWA,entropy_sensitivity,7,0.0,0.0
BWA,entropy_sensitivity,8,0.0,0.0
BWA,entropy_sensitivity,9,0.0,0.0
BWA,entropy_sensitivity,10,0.0,0.0
BWA,entropy_sensitivity,11,0.0,0.0
BWA,entropy_sensitivity,12,0.0,0.0
BWA,entropy_sensitivity,13,0.0,0.0
BWA,entropy_sensitivity,14,0.0,0.0
BWA,entropy_sensitivity,15,0.0,0.0
BWA,entropy_sensitivity,16,0.0,0.0
COD,entropy_sensitivity,1,0.0,0.0
COD,entropy_sensitivity,2,0.0,0.0
COD,entropy_sensitivity,3,0.0,0.0
COD,entropy_sensitivity,4,0.0,0.0
COD,entropy_sensitivity,5,0.0,0.0
COD,entropy_sensitivity,6,0.0,0.0
COD,entropy_sensitivity,7,0.0,0.0
COD,entropy_sensitivity,8,0.0,0.0
COD,entropy_sensitivity,9,0.0,0.0
COD,entropy_sensitivity,10,0.0,0.0
COD,entropy_sensitivity,11,0.0,0.0001
COD,entropy_sensitivity,12,0.0,0.0002
COD,entropy_sensitivity,13,0.0006,0.0015
COD,entropy_sensitivity,14,0.003,0.0084
COD,entropy_sensitivity,15,0.0285,0.0485
COD,entropy_sensitivity,16,0.9679,0.9413
GHA,entropy_sensitivity,1,0.0004,0.0016
GHA,entropy_sensitivity,2,0.0315,0.0356
GHA,entropy_sensitivity,3,0.137,0.1578
GHA,entropy_sensitivity,4,0.5827,0.4805
GHA,entropy_sensitivity,5,0.2065,0.226
GHA,entropy_sensitivity,6,0.0341,0.0758
GHA,entropy_sensitivity,7,0.0073,0.0197
GHA,entropy_sensitivity,8,0.0005,0.0029
GHA,entropy_sensitivity,9,0.0,0.0001
GHA,entropy_sensitivity,10,0.0,0.0
GHA,entropy_sensitivity,11,0.0,0.0
GHA,entropy_sensitivity,12,0.0,0.0
GHA,entropy_sensitivity,13,0.0,0.0
GHA,entropy_sensitivity,14,0.0,0.0
GHA,entropy_sensitivity,15,0.0,0.0
GHA,entropy_sensitivity,16,0.0,0.0
GIN,entropy_sensitivity,1,0.0,0.0
GIN,entropy_sensitivity,2,0.0,0.0
GIN,entropy_sensitivity,3,0.0,0.0
GIN,entropy_sensitivity,4,0.0,0.0
GIN,entropy_sensitivity,5,0.0,0.0
GIN,entropy_sensitivity,6,0.0,0.0
GIN,entropy_sensitivity,7,0.0,0.0
GIN,entropy_sensitivity,8,0.0,0.0011
GIN,entropy_sensitivity,9,0.0185,0.0305
GIN,entropy_sensitivity,10,0.0666,0.0763
GIN,entropy_sensitivity,11,0.1607,0.1446
GIN,entropy_sensitivity,12,0.2725,0.2313
GIN,entropy_sensitivity,13,0.2465,0.232
GIN,entropy_sensitivity,14,0.1605,0.1776
GIN,entropy_sensitivity,15,0.0739,0.1026
GIN,entropy_sensitivity,16,0.0008,0.004
MAR,entropy_sensitivity,1,0.0,0.0
MAR,entropy_sensitivity,2,0.0001,0.0003
MAR,entropy_sensitivity,3,0.0007,0.0025
MAR,entropy_sensitivity,4,0.0128,0.0239
MAR,entropy_sensitivity,5,0.095,0.0969
MAR,entropy_sensitivity,6,0.3231,0.2468
MAR,entropy_sensitivity,7,0.4118,0.4383
MAR,entropy_sensitivity,8,0.1542,0.1818
MAR,entropy_sensitivity,9,0.0021,0.0088
MAR,entropy_sensitivity,10,0.0001,0.0005
MAR,entropy_sensitivity,11,0.0001,0.0002
MAR,entropy_sensitivity,12,0.0,0.0
MAR,entropy_sensitivity,13,0.0,0.0
MAR,entropy_sensitivity,14,0.0,0.0
MAR,entropy_sensitivity,15,0.0,0.0
MAR,entropy_sensitivity,16,0.0,0.0
MLI,entropy_sensitivity,1,0.0,0.0
MLI,entropy_sensitivity,2,0.0,0.0
MLI,entropy_sensitivity,3,0.0,0.0
MLI,entropy_sensitivity,4,0.0,0.0
MLI,entropy_sensitivity,5,0.0,0.0
MLI,entropy_sensitivity,6,0.0,0.0
MLI,entropy_sensitivity,7,0.0,0.0
MLI,entropy_sensitivity,8,0.0,0.0002
MLI,entropy_sensitivity,9,0.0009,0.0036
MLI,entropy_sensitivity,10,0.0051,0.0147
MLI,entropy_sensitivity,11,0.0171,0.0355
MLI,entropy_sensitivity,12,0.0566,0.0893
MLI,entropy_sensitivity,13,0.1281,0.1547
MLI,entropy_sensitivity,14,0.2637,0.2697
MLI,entropy_sensitivity,15,0.5066,0.4016
MLI,entropy_sensitivity,16,0.0219,0.0307
MOZ,entropy_sensitivity,1,0.0,0.0
MOZ,entropy_sensitivity,2,0.0,0.0
MOZ,entropy_sensitivity,3,0.0,0.0
MOZ,entropy_sensitivity,4,0.0,0.0
MOZ,entropy_sensitivity,5,0.0,0.0
MOZ,entropy_sensitivity,6,0.0,0.0
MOZ,entropy_sensitivity,7,0.0,0.0007
MOZ,entropy_sensitivity,8,0.0017,0.0134
MOZ,entropy_sensitivity,9,0.1148,0.2126
MOZ,entropy_sensitivity,10,0.2292,0.2618
MOZ,entropy_sensitivity,11,0.3302,0.2474
MOZ,entropy_sensitivity,12,0.176,0.1412
MOZ,entropy_sensitivity,13,0.0968,0.078
MOZ,entropy_sensitivity,14,0.0394,0.0322
MOZ,entropy_sensitivity,15,0.0114,0.0123
MOZ,entropy_sensitivity,16,0.0005,0.0004
MRT,entropy_sensitivity,1,0.0,0.0
MRT,entropy_sensitivity,2,0.0,0.0
MRT,entropy_sensitivity,3,0.0,0.0
MRT,entropy_sensitivity,4,0.0,0.0
MRT,entropy_sensitivity,5,0.0,0.0
MRT,entropy_sensitivity,6,0.0,0.0001
MRT,entropy_sensitivity,7,0.0002,0.0023
MRT,entropy_sensitivity,8,0.0093,0.0207
MRT,entropy_sensitivity,9,0.3262,0.2736
MRT,entropy_sensitivity,10,0.3424,0.2708
MRT,entropy_sensitivity,11,0.1843,0.2026
MRT,entropy_sensitivity,12,0.0906,0.1239
MRT,entropy_sensitivity,13,0.0335,0.0676
MRT,entropy_sensitivity,14,0.011,0.0289
MRT,entropy_sensitivity,15,0.0024,0.0092
MRT,entropy_sensitivity,16,0.0001,0.0003
NAM,entropy_sensitivity,1,0.0271,0.0362
NAM,entropy_sensitivity,2,0.4661,0.2801
NAM,entropy_sensitivity,3,0.3923,0.4756
NAM,entropy_sensitivity,4,0.0964,0.1532
NAM,entropy_sensitivity,5,0.0173,0.044
NAM,entropy_sensitivity,6,0.0007,0.0091
NAM,entropy_sensitivity,7,0.0001,0.0015
NAM,entropy_sensitivity,8,0.0,0.0003
NAM,entropy_sensitivity,9,0.0,0.0
NAM,entropy_sensitivity,10,0.0,0.0
NAM,entropy_sensitivity,11,0.0,0.0
NAM,entropy_sensitivity,12,0.0,0.0
NAM,entropy_sensitivity,13,0.0,0.0
NAM,entropy_sensitivity,14,0.0,0.0
NAM,entropy_sensitivity,15,0.0,0.0
NAM,entropy_sensitivity,16,0.0,0.0
NGA,entropy_sensitivity,1,0.0,0.0
NGA,entropy_sensitivity,2,0.0,0.0
NGA,entropy_sensitivity,3,0.0,0.0
NGA,entropy_sensitivity,4,0.0,0.0
NGA,entropy_sensitivity,5,0.0,0.0
NGA,entropy_sensitivity,6,0.0,0.0
NGA,entropy_sensitivity,7,0.0,0.0
NGA,entropy_sensitivity,8,0.0002,0.001
NGA,entropy_sensitivity,9,0.0146,0.0302
NGA,entropy_sensitivity,10,0.0479,0.0726
NGA,entropy_sensitivity,11,0.1281,0.1357
NGA,entropy_sensitivity,12,0.2368,0.2217
NGA,entropy_sensitivity,13,0.2695,0.2339
NGA,entropy_sensitivity,14,0.195,0.1865
NGA,entropy_sensitivity,15,0.1062,0.114
NGA,entropy_sensitivity,16,0.0017,0.0044
SEN,entropy_sensitivity,1,0.0152,0.0811
SEN,entropy_sensitivity,2,0.4563,0.5735
SEN,entropy_sensitivity,3,0.4334,0.2823
SEN,entropy_sensitivity,4,0.0846,0.0536
SEN,entropy_sensitivity,5,0.0101,0.0082
SEN,entropy_sensitivity,6,0.0003,0.0012
SEN,entropy_sensitivity,7,0.0001,0.0001
SEN,entropy_sensitivity,8,0.0,0.0
SEN,entropy_sensitivity,9,0.0,0.0
SEN,entropy_sensitivity,10,0.0,0.0
SEN,entropy_sensitivity,11,0.0,0.0
SEN,entropy_sensitivity,12,0.0,0.0
SEN,entropy_sensitivity,13,0.0,0.0
SEN,entropy_sensitivity,14,0.0,0.0
SEN,entropy_sensitivity,15,0.0,0.0
SEN,entropy_sensitivity,16,0.0,0.0
SLE,entropy_sensitivity,1,0.0,0.0
SLE,entropy_sensitivity,2,0.0,0.0
SLE,entropy_sensitivity,3,0.0,0.0
SLE,entropy_sensitivity,4,0.0,0.0
SLE,entropy_sensitivity,5,0.0,0.0
SLE,entropy_sensitivity,6,0.0001,0.0003
SLE,entropy_sensitivity,7,0.0006,0.0018
SLE,entropy_sensitivity,8,0.0178,0.0319
SLE,entropy_sensitivity,9,0.4949,0.3811
SLE,entropy_sensitivity,10,0.2936,0.2736
SLE,entropy_sensitivity,11,0.1315,0.1792
SLE,entropy_sensitivity,12,0.043,0.0761
SLE,entropy_sensitivity,13,0.0145,0.0391
SLE,entropy_sensitivity,14,0.0035,0.013
SLE,entropy_sensitivity,15,0.0005,0.0039
SLE,entropy_sensitivity,16,0.0,0.0
TZA,entropy_sensitivity,1,0.0,0.0
TZA,entropy_sensitivity,2,0.0,0.0004
TZA,entropy_sensitivity,3,0.0001,0.0074
TZA,entropy_sensitivity,4,0.0183,0.0671
TZA,entropy_sensitivity,5,0.133,0.213
TZA,entropy_sensitivity,6,0.426,0.3966
TZA,entropy_sensitivity,7,0.3296,0.2431
TZA,entropy_sensitivity,8,0.0926,0.0706
TZA,entropy_sensitivity,9,0.0004,0.0017
TZA,entropy_sensitivity,10,0.0,0.0001
TZA,entropy_sensitivity,11,0.0,0.0
TZA,entropy_sensitivity,12,0.0,0.0
TZA,entropy_sensitivity,13,0.0,0.0
TZA,entropy_sensitivity,14,0.0,0.0
TZA,entropy_sensitivity,15,0.0,0.0
TZA,entropy_sensitivity,16,0.0,0.0
ZAF,entropy_sensitivity,1,0.0,0.0004
ZAF,entropy_sensitivity,2,0.0074,0.0098
ZAF,entropy_sensitivity,3,0.0326,0.0566
ZAF,entropy_sensitivity,4,0.2045,0.2182
ZAF,entropy_sensitivity,5,0.5287,0.3962
ZAF,entropy_sensitivity,6,0.1575,0.2087
ZAF,entropy_sensitivity,7,0.0598,0.0919
ZAF,entropy_sensitivity,8,0.0095,0.0181
ZAF,entropy_sensitivity,9,0.0,0.0001
ZAF,entropy_sensitivity,10,0.0,0.0
ZAF,entropy_sensitivity,11,0.0,0.0
ZAF,entropy_sensitivity,12,0.0,0.0
ZAF,entropy_sensitivity,13,0.0,0.0
ZAF,entropy_sensitivity,14,0.0,0.0
ZAF,entropy_sensitivity,15,0.0,0.0
ZAF,entropy_sensitivity,16,0.0,0.0
ZMB,entropy_sensitivity,1,0.0,0.0
ZMB,entropy_sensitivity,2,0.0,0.0
ZMB,entropy_sensitivity,3,0.0,0.0
ZMB,entropy_sensitivity,4,0.0005,0.0023
ZMB,entropy_sensitivity,5,0.0094,0.0157
ZMB,entropy_sensitivity,6,0.0582,0.0614
ZMB,entropy_sensitivity,7,0.1905,0.2006
ZMB,entropy_sensitivity,8,0.7142,0.658
ZMB,entropy_sensitivity,9,0.0244,0.0519
ZMB,entropy_sensitivity,10,0.0024,0.0086
ZMB,entropy_sensitivity,11,0.0003,0.0012
ZMB,entropy_sensitivity,12,0.0001,0.0003
ZMB,entropy_sensitivity,13,0.0,0.0
ZMB,entropy_sensitivity,14,0.0,0.0
ZMB,entropy_sensitivity,15,0.0,0.0
ZMB,entropy_sensitivity,16,0.0,0.0
ZWE,entropy_sensitivity,1,0.0,0.0
ZWE,entropy_sensitivity,2,0.0,0.0
ZWE,entropy_sensitivity,3,0.0,0.0
ZWE,entropy_sensitivity,4,0.0,0.0
ZWE,entropy_sensitivity,5,0.0,0.0
ZWE,entropy_sensitivity,6,0.0,0.0
ZWE,entropy_sensitivity,7,0.0,0.0
ZWE,entropy_sensitivity,8,0.0,0.0
ZWE,entropy_sensitivity,9,0.0032,0.0058
ZWE,entropy_sensitivity,10,0.0127,0.021
ZWE,entropy_sensitivity,11,0.0477,0.0535
ZWE,entropy_sensitivity,12,0.1244,0.116
ZWE,entropy_sensitivity,13,0.2105,0.1932
ZWE,entropy_sensitivity,14,0.3239,0.2837
ZWE,entropy_sensitivity,15,0.2705,0.3079
ZWE,entropy_sensitivity,16,0.0071,0.0189
BWA,fraser_bivariate_sensitivity,1,0.9489,0.8837
BWA,fraser_bivariate_sensitivity,2,0.0485,0.0947
BWA,fraser_bivariate_sensitivity,3,0.0024,0.0198
BWA,fraser_bivariate_sensitivity,4,0.0002,0.0018
BWA,fraser_bivariate_sensitivity,5,0.0,0.0
BWA,fraser_bivariate_sensitivity,6,0.0,0.0
BWA,fraser_bivariate_sensitivity,7,0.0,0.0
BWA,fraser_bivariate_sensitivity,8,0.0,0.0
BWA,fraser_bivariate_sensitivity,9,0.0,0.0
BWA,fraser_bivariate_sensitivity,10,0.0,0.0
BWA,fraser_bivariate_sensitivity,11,0.0,0.0
BWA,fraser_bivariate_sensitivity,12,0.0,0.0
BWA,fraser_bivariate_sensitivity,13,0.0,0.0
BWA,fraser_bivariate_sensitivity,14,0.0,0.0
BWA,fraser_bivariate_sensitivity,15,0.0,0.0
BWA,fraser_bivariate_sensitivity,16,0.0,0.0
COD,fraser_bivariate_sensitivity,1,0.0,0.0
COD,fraser_bivariate_sensitivity,2,0.0,0.0
COD,fraser_bivariate_sensitivity,3,0.0,0.0
COD,fraser_bivariate_sensitivity,4,0.0,0.0
COD,fraser_bivariate_sensitivity,5,0.0,0.0
COD,fraser_bivariate_sensitivity,6,0.0,0.0
COD,fraser_bivariate_sensitivity,7,0.0,0.0
COD,fraser_bivariate_sensitivity,8,0.0,0.0
COD,fraser_bivariate_sensitivity,9,0.0,0.0
COD,fraser_bivariate_sensitivity,10,0.0,0.0
COD,fraser_bivariate_sensitivity,11,0.0,0.0
COD,fraser_bivariate_sensitivity,12,0.0,0.0
COD,fraser_bivariate_sensitivity,13,0.0001,0.0009
COD,fraser_bivariate_sensitivity,14,0.0011,0.004
COD,fraser_bivariate_sensitivity,15,0.0327,0.0576
COD,fraser_bivariate_sensitivity,16,0.9661,0.9375
GHA,fraser_bivariate_sensitivity,1,0.0009,0.0026
GHA,fraser_bivariate_sensitivity,2,0.0451,0.0581
GHA,fraser_bivariate_sensitivity,3,0.1938,0.189
GHA,fraser_bivariate_sensitivity,4,0.5702,0.521
GHA,fraser_bivariate_sensitivity,5,0.1797,0.1946
GHA,fraser_bivariate_sensitivity,6,0.0093,0.0291
GHA,fraser_bivariate_sensitivity,7,0.001,0.0052
GHA,fraser_bivariate_sensitivity,8,0.0,0.0004
GHA,fraser_bivariate_sensitivity,9,0.0,0.0
GHA,fraser_bivariate_sensitivity,10,0.0,0.0
GHA,fraser_bivariate_sensitivity,11,0.0,0.0
GHA,fraser_bivariate_sensitivity,12,0.0,0.0
GHA,fraser_bivariate_sensitivity,13,0.0,0.0
GHA,fraser_bivariate_sensitivity,14,0.0,0.0
GHA,fraser_bivariate_sensitivity,15,0.0,0.0
GHA,fraser_bivariate_sensitivity,16,0.0,0.0
GIN,fraser_bivariate_sensitivity,1,0.0,0.0
GIN,fraser_bivariate_sensitivity,2,0.0,0.0
GIN,fraser_bivariate_sensitivity,3,0.0,0.0
GIN,fraser_bivariate_sensitivity,4,0.0,0.0
GIN,fraser_bivariate_sensitivity,5,0.0,0.0
GIN,fraser_bivariate_sensitivity,6,0.0,0.0
GIN,fraser_bivariate_sensitivity,7,0.0,0.0
GIN,fraser_bivariate_sensitivity,8,0.0,0.0004
GIN,fraser_bivariate_sensitivity,9,0.0136,0.0297
GIN,fraser_bivariate_sensitivity,10,0.0594,0.0818
GIN,fraser_bivariate_sensitivity,11,0.1725,0.1592
GIN,fraser_bivariate_sensitivity,12,0.3195,0.278
GIN,fraser_bivariate_sensitivity,13,0.2705,0.255
GIN,fraser_bivariate_sensitivity,14,0.1336,0.1475
GIN,fraser_bivariate_sensitivity,15,0.0309,0.0475
GIN,fraser_bivariate_sensitivity,16,0.0,0.0009
MAR,fraser_bivariate_sensitivity,1,0.0,0.0
MAR,fraser_bivariate_sensitivity,2,0.0001,0.0001
MAR,fraser_bivariate_sensitivity,3,0.0002,0.0013
MAR,fraser_bivariate_sensitivity,4,0.0046,0.0142
MAR,fraser_bivariate_sensitivity,5,0.0796,0.0969
MAR,fraser_bivariate_sensitivity,6,0.4789,0.3539
MAR,fraser_bivariate_sensitivity,7,0.3436,0.4105
MAR,fraser_bivariate_sensitivity,8,0.0929,0.1219
MAR,fraser_bivariate_sensitivity,9,0.0001,0.0011
MAR,fraser_bivariate_sensitivity,10,0.0,0.0001
MAR,fraser_bivariate_sensitivity,11,0.0,0.0
MAR,fraser_bivariate_sensitivity,12,0.0,0.0
MAR,fraser_bivariate_sensitivity,13,0.0,0.0
MAR,fraser_bivariate_sensitivity,14,0.0,0.0
MAR,fraser_bivariate_sensitivity,15,0.0,0.0
MAR,fraser_bivariate_sensitivity,16,0.0,0.0
MLI,fraser_bivariate_sensitivity,1,0.0,0.0
MLI,fraser_bivariate_sensitivity,2,0.0,0.0
MLI,fraser_bivariate_sensitivity,3,0.0,0.0
MLI,fraser_bivariate_sensitivity,4,0.0,0.0
MLI,fraser_bivariate_sensitivity,5,0.0,0.0
MLI,fraser_bivariate_sensitivity,6,0.0,0.0
MLI,fraser_bivariate_sensitivity,7,0.0,0.0
MLI,fraser_bivariate_sensitivity,8,0.0,0.0
MLI,fraser_bivariate_sensitivity,9,0.0001,0.0009
MLI,fraser_bivariate_sensitivity,10,0.0009,0.0046
MLI,fraser_bivariate_sensitivity,11,0.0056,0.0111
MLI,fraser_bivariate_sensitivity,12,0.0239,0.0338
MLI,fraser_bivariate_sensitivity,13,0.0638,0.089
MLI,fraser_bivariate_sensitivity,14,0.189,0.2078
MLI,fraser_bivariate_sensitivity,15,0.6857,0.5995
MLI,fraser_bivariate_sensitivity,16,0.031,0.0533
MOZ,fraser_bivariate_sensitivity,1,0.0,0.0
MOZ,fraser_bivariate_sensitivity,2,0.0,0.0
MOZ,fraser_bivariate_sensitivity,3,0.0,0.0
MOZ,fraser_bivariate_sensitivity,4,0.0,0.0
MOZ,fraser_bivariate_sensitivity,5,0.0,0.0
MOZ,fraser_bivariate_sensitivity,6,0.0,0.0
MOZ,fraser_bivariate_sensitivity,7,0.0,0.0003
MOZ,fraser_bivariate_sensitivity,8,0.0004,0.0048
MOZ,fraser_bivariate_sensitivity,9,0.0903,0.2038
MOZ,fraser_bivariate_sensitivity,10,0.2083,0.271
MOZ,fraser_bivariate_sensitivity,11,0.3647,0.2658
MOZ,fraser_bivariate_sensitivity,12,0.1989,0.1469
MOZ,fraser_bivariate_sensitivity,13,0.1003,0.0785
MOZ,fraser_bivariate_sensitivity,14,0.0316,0.0241
MOZ,fraser_bivariate_sensitivity,15,0.0053,0.0046
MOZ,fraser_bivariate_sensitivity,16,0.0002,0.0002
MRT,fraser_bivariate_sensitivity,1,0.0,0.0
MRT,fraser_bivariate_sensitivity,2,0.0,0.0
MRT,fraser_bivariate_sensitivity,3,0.0,0.0
MRT,fraser_bivariate_sensitivity,4,0.0,0.0
MRT,fraser_bivariate_sensitivity,5,0.0,0.0
MRT,fraser_bivariate_sensitivity,6,0.0,0.0
MRT,fraser_bivariate_sensitivity,7,0.0,0.0005
MRT,fraser_bivariate_sensitivity,8,0.004,0.0137
MRT,fraser_bivariate_sensitivity,9,0.4125,0.3631
MRT,fraser_bivariate_sensitivity,10,0.3481,0.278
MRT,fraser_bivariate_sensitivity,11,0.1541,0.1895
MRT,fraser_bivariate_sensitivity,12,0.0583,0.0988
MRT,fraser_bivariate_sensitivity,13,0.0185,0.0408
MRT,fraser_bivariate_sensitivity,14,0.0042,0.0139
MRT,fraser_bivariate_sensitivity,15,0.0003,0.0015
MRT,fraser_bivariate_sensitivity,16,0.0,0.0002
NAM,fraser_bivariate_sensitivity,1,0.0448,0.0631
NAM,fraser_bivariate_sensitivity,2,0.6432,0.3981
NAM,fraser_bivariate_sensitivity,3,0.2357,0.363
NAM,fraser_bivariate_sensitivity,4,0.0661,0.1413
NAM,fraser_bivariate_sensitivity,5,0.0098,0.0316
NAM,fraser_bivariate_sensitivity,6,0.0003,0.0023
NAM,fraser_bivariate_sensitivity,7,0.0001,0.0006
NAM,fraser_bivariate_sensitivity,8,0.0,0.0
NAM,fraser_bivariate_sensitivity,9,0.0,0.0
NAM,fraser_bivariate_sensitivity,10,0.0,0.0
NAM,fraser_bivariate_sensitivity,11,0.0,0.0
NAM,fraser_bivariate_sensitivity,12,0.0,0.0
NAM,fraser_bivariate_sensitivity,13,0.0,0.0
NAM,fraser_bivariate_sensitivity,14,0.0,0.0
NAM,fraser_bivariate_sensitivity,15,0.0,0.0
NAM,fraser_bivariate_sensitivity,16,0.0,0.0
NGA,fraser_bivariate_sensitivity,1,0.0,0.0
NGA,fraser_bivariate_sensitivity,2,0.0,0.0
NGA,fraser_bivariate_sensitivity,3,0.0,0.0
NGA,fraser_bivariate_sensitivity,4,0.0,0.0
NGA,fraser_bivariate_sensitivity,5,0.0,0.0
NGA,fraser_bivariate_sensitivity,6,0.0,0.0
NGA,fraser_bivariate_sensitivity,7,0.0,0.0
NGA,fraser_bivariate_sensitivity,8,0.0,0.0003
NGA,fraser_bivariate_sensitivity,9,0.0113,0.0251
NGA,fraser_bivariate_sensitivity,10,0.042,0.058
NGA,fraser_bivariate_sensitivity,11,0.1294,0.1236
NGA,fraser_bivariate_sensitivity,12,0.2504,0.2282
NGA,fraser_bivariate_sensitivity,13,0.3009,0.2727
NGA,fraser_bivariate_sensitivity,14,0.2034,0.2087
NGA,fraser_bivariate_sensitivity,15,0.0617,0.0817
NGA,fraser_bivariate_sensitivity,16,0.0009,0.0017
SEN,fraser_bivariate_sensitivity,1,0.0054,0.0501
SEN,fraser_bivariate_sensitivity,2,0.2552,0.437
SEN,fraser_bivariate_sensitivity,3,0.532,0.3803
SEN,fraser_bivariate_sensitivity,4,0.1825,0.1159
SEN,fraser_bivariate_sensitivity,5,0.0247,0.0159
SEN,fraser_bivariate_sensitivity,6,0.0001,0.0007
SEN,fraser_bivariate_sensitivity,7,0.0001,0.0001
SEN,fraser_bivariate_sensitivity,8,0.0,0.0
SEN,fraser_bivariate_sensitivity,9,0.0,0.0
SEN,fraser_bivariate_sensitivity,10,0.0,0.0
SEN,fraser_bivariate_sensitivity,11,0.0,0.0
SEN,fraser_bivariate_sensitivity,12,0.0,0.0
SEN,fraser_bivariate_sensitivity,13,0.0,0.0
SEN,fraser_bivariate_sensitivity,14,0.0,0.0
SEN,fraser_bivariate_sensitivity,15,0.0,0.0
SEN,fraser_bivariate_sensitivity,16,0.0,0.0
SLE,fraser_bivariate_sensitivity,1,0.0,0.0
SLE,fraser_bivariate_sensitivity,2,0.0,0.0
SLE,fraser_bivariate_sensitivity,3,0.0,0.0
SLE,fraser_bivariate_sensitivity,4,0.0,0.0
SLE,fraser_bivariate_sensitivity,5,0.0,0.0
SLE,fraser_bivariate_sensitivity,6,0.0,0.0001
SLE,fraser_bivariate_sensitivity,7,0.0001,0.0001
SLE,fraser_bivariate_sensitivity,8,0.005,0.0141
SLE,fraser_bivariate_sensitivity,9,0.4628,0.3424
SLE,fraser_bivariate_sensitivity,10,0.3327,0.2872
SLE,fraser_bivariate_sensitivity,11,0.138,0.206
SLE,fraser_bivariate_sensitivity,12,0.0448,0.0939
SLE,fraser_bivariate_sensitivity,13,0.0139,0.0426
SLE,fraser_bivariate_sensitivity,14,0.0026,0.0118
SLE,fraser_bivariate_sensitivity,15,0.0001,0.0018
SLE,fraser_bivariate_sensitivity,16,0.0,0.0
TZA,fraser_bivariate_sensitivity,1,0.0,0.0
TZA,fraser_bivariate_sensitivity,2,0.0,0.0001
TZA,fraser_bivariate_sensitivity,3,0.0,0.0007
TZA,fraser_bivariate_sensitivity,4,0.0015,0.017
TZA,fraser_bivariate_sensitivity,5,0.046,0.1267
TZA,fraser_bivariate_sensitivity,6,0.3562,0.4015
TZA,fraser_bivariate_sensitivity,7,0.4517,0.3528
TZA,fraser_bivariate_sensitivity,8,0.1444,0.1003
TZA,fraser_bivariate_sensitivity,9,0.0002,0.0009
TZA,fraser_bivariate_sensitivity,10,0.0,0.0
TZA,fraser_bivariate_sensitivity,11,0.0,0.0
TZA,fraser_bivariate_sensitivity,12,0.0,0.0
TZA,fraser_bivariate_sensitivity,13,0.0,0.0
TZA,fraser_bivariate_sensitivity,14,0.0,0.0
TZA,fraser_bivariate_sensitivity,15,0.0,0.0
TZA,fraser_bivariate_sensitivity,16,0.0,0.0
ZAF,fraser_bivariate_sensitivity,1,0.0,0.0005
ZAF,fraser_bivariate_sensitivity,2,0.0079,0.0119
ZAF,fraser_bivariate_sensitivity,3,0.0359,0.0459
ZAF,fraser_bivariate_sensitivity,4,0.1749,0.1883
ZAF,fraser_bivariate_sensitivity,5,0.6569,0.5248
ZAF,fraser_bivariate_sensitivity,6,0.0974,0.1573
ZAF,fraser_bivariate_sensitivity,7,0.0246,0.0608
ZAF,fraser_bivariate_sensitivity,8,0.0024,0.0105
ZAF,fraser_bivariate_sensitivity,9,0.0,0.0
ZAF,fraser_bivariate_sensitivity,10,0.0,0.0
ZAF,fraser_bivariate_sensitivity,11,0.0,0.0
ZAF,fraser_bivariate_sensitivity,12,0.0,0.0
ZAF,fraser_bivariate_sensitivity,13,0.0,0.0
ZAF,fraser_bivariate_sensitivity,14,0.0,0.0
ZAF,fraser_bivariate_sensitivity,15,0.0,0.0
ZAF,fraser_bivariate_sensitivity,16,0.0,0.0
ZMB,fraser_bivariate_sensitivity,1,0.0,0.0
ZMB,fraser_bivariate_sensitivity,2,0.0,0.0
ZMB,fraser_bivariate_sensitivity,3,0.0,0.0
ZMB,fraser_bivariate_sensitivity,4,0.0,0.0005
ZMB,fraser_bivariate_sensitivity,5,0.0033,0.0095
ZMB,fraser_bivariate_sensitivity,6,0.0578,0.0551
ZMB,fraser_bivariate_sensitivity,7,0.1788,0.1691
ZMB,fraser_bivariate_sensitivity,8,0.7509,0.7336
ZMB,fraser_bivariate_sensitivity,9,0.0081,0.0284
ZMB,fraser_bivariate_sensitivity,10,0.0011,0.0034
ZMB,fraser_bivariate_sensitivity,11,0.0,0.0002
ZMB,fraser_bivariate_sensitivity,12,0.0,0.0002
ZMB,fraser_bivariate_sensitivity,13,0.0,0.0
ZMB,fraser_bivariate_sensitivity,14,0.0,0.0
ZMB,fraser_bivariate_sensitivity,15,0.0,0.0
ZMB,fraser_bivariate_sensitivity,16,0.0,0.0
ZWE,fraser_bivariate_sensitivity,1,0.0,0.0
ZWE,fraser_bivariate_sensitivity,2,0.0,0.0
ZWE,fraser_bivariate_sensitivity,3,0.0,0.0
ZWE,fraser_bivariate_sensitivity,4,0.0,0.0
ZWE,fraser_bivariate_sensitivity,5,0.0,0.0
ZWE,fraser_bivariate_sensitivity,6,0.0,0.0
ZWE,fraser_bivariate_sensitivity,7,0.0,0.0
ZWE,fraser_bivariate_sensitivity,8,0.0,0.0
ZWE,fraser_bivariate_sensitivity,9,0.001,0.0046
ZWE,fraser_bivariate_sensitivity,10,0.0075,0.0159
ZWE,fraser_bivariate_sensitivity,11,0.0357,0.0446
ZWE,fraser_bivariate_sensitivity,12,0.1042,0.1202
ZWE,fraser_bivariate_sensitivity,13,0.232,0.2205
ZWE,fraser_bivariate_sensitivity,14,0.4345,0.3822
ZWE,fraser_bivariate_sensitivity,15,0.1833,0.2058
ZWE,fraser_bivariate_sensitivity,16,0.0018,0.0062
